{"cameraMode":{"drawMode":0,"name":"Shaded","section":"Shading Mode"},"sceneLighting":false,"audioPlay":false,"sceneViewState":{"showFog":true,"showMaterialUpdate":false,"showSkybox":false,"showFlares":true,"showImageEffects":true,"showParticleSystems":true},"in2DMode":false,"pivot":{"x":0.0,"y":-0.011736452579498291,"z":13.212878227233887},"rotation":{"x":-0.7430490851402283,"y":0.0014233639230951667,"z":-0.0015546431532129646,"w":-0.6692615151405335},"size":4.275427341461182,"orthographic":false}