{"cameraMode":{"drawMode":0,"name":"Shaded","section":"Shading Mode"},"sceneLighting":true,"audioPlay":false,"sceneViewState":{"showFog":true,"showMaterialUpdate":false,"showSkybox":true,"showFlares":true,"showImageEffects":true,"showParticleSystems":true},"in2DMode":false,"pivot":{"x":-0.1934259682893753,"y":-5.097412109375,"z":13.806622505187989},"rotation":{"x":0.6337096691131592,"y":-0.010491402819752694,"z":0.008522750809788704,"w":0.773479700088501},"size":26.43306541442871,"orthographic":false}