{"cameraMode":{"drawMode":0,"name":"Shaded","section":"Shading Mode"},"sceneLighting":true,"audioPlay":false,"sceneViewState":{"showFog":true,"showMaterialUpdate":false,"showSkybox":true,"showFlares":true,"showImageEffects":true,"showParticleSystems":true},"in2DMode":false,"pivot":{"x":0.3696407377719879,"y":-45.71167755126953,"z":157.41151428222657},"rotation":{"x":0.14559076726436616,"y":-0.0003015546244569123,"z":0.00004432611967786215,"w":0.9893478751182556},"size":176.88829040527345,"orthographic":false}